{"cameraMode":{"drawMode":0,"name":"Shaded","section":"Shading Mode"},"sceneLighting":true,"audioPlay":false,"sceneViewState":{"showFog":true,"showMaterialUpdate":true,"showSkybox":true,"showFlares":true,"showImageEffects":true,"showParticleSystems":true},"in2DMode":false,"pivot":{"x":1.700405478477478,"y":1.9376657009124756,"z":-0.9807133674621582},"rotation":{"x":0.2254216969013214,"y":-0.20142337679862977,"z":0.04769357293844223,"w":0.9520184397697449},"size":4.800107955932617,"orthographic":false}