{"cameraMode":{"drawMode":0,"name":"Shaded","section":"Shading Mode"},"sceneLighting":true,"audioPlay":false,"sceneViewState":{"showFog":true,"showMaterialUpdate":false,"showSkybox":true,"showFlares":true,"showImageEffects":true,"showParticleSystems":true},"in2DMode":false,"pivot":{"x":-0.2998291552066803,"y":-0.050927698612213138,"z":-0.08925774693489075},"rotation":{"x":0.15649919211864472,"y":-0.3678920567035675,"z":0.06296180933713913,"w":0.91443932056427},"size":5.915820121765137,"orthographic":true}